date.time,unit,value
11/2/2019 0:43,C,20.093
11/2/2019 4:43,C,18.09
11/2/2019 8:43,C,12.077
11/2/2019 12:43,C,8.566
11/2/2019 16:43,C,8.064
11/2/2019 20:43,C,21.094
11/3/2019 0:43,C,22.094
11/3/2019 3:43,C,22.094
11/3/2019 7:43,C,24.095
11/3/2019 11:43,C,21.594
11/3/2019 15:43,C,21.594
11/3/2019 19:43,C,23.095
11/3/2019 23:43,C,24.596
11/4/2019 3:43,C,23.095
11/4/2019 7:43,C,21.594
11/4/2019 11:43,C,9.067
11/4/2019 15:43,C,-2.988
11/4/2019 19:43,C,2.541
11/4/2019 23:43,C,2.541
11/5/2019 3:43,C,2.541
11/5/2019 7:43,C,2.541
11/5/2019 11:43,C,2.541
11/5/2019 15:43,C,2.541
11/5/2019 19:43,C,2.541
11/5/2019 23:43,C,2.541
11/6/2019 3:43,C,2.541
11/6/2019 7:43,C,2.541
11/6/2019 11:43,C,2.038
11/6/2019 15:43,C,2.038
11/6/2019 19:43,C,2.038
11/6/2019 23:43,C,2.038
11/7/2019 3:43,C,2.038
11/7/2019 7:43,C,2.038
11/7/2019 11:43,C,2.038
11/7/2019 15:43,C,1.536
11/7/2019 19:43,C,1.536
11/7/2019 23:43,C,1.536
11/8/2019 3:43,C,1.536
11/8/2019 7:43,C,1.536
11/8/2019 11:43,C,1.034
11/8/2019 15:43,C,1.034
11/8/2019 19:43,C,1.034
11/8/2019 23:43,C,1.034
11/9/2019 3:43,C,1.034
11/9/2019 7:43,C,1.034
11/9/2019 11:43,C,1.034
11/9/2019 15:43,C,1.034
11/9/2019 19:43,C,1.536
11/9/2019 23:43,C,1.536
11/10/2019 3:43,C,1.536
11/10/2019 7:43,C,1.536
11/10/2019 11:43,C,1.034
11/10/2019 15:43,C,1.034
11/10/2019 19:43,C,1.034
11/10/2019 23:43,C,1.034
11/11/2019 3:43,C,1.034
11/11/2019 7:43,C,1.034
11/11/2019 11:43,C,0.531
11/11/2019 15:43,C,0.531
11/11/2019 19:43,C,0.531
11/11/2019 23:43,C,0.531
11/12/2019 3:43,C,0.531
11/12/2019 7:43,C,0.028
11/12/2019 11:43,C,0.028
11/12/2019 15:43,C,0.028
11/12/2019 19:43,C,0.028
11/12/2019 23:43,C,0.028
11/13/2019 3:43,C,0.028
11/13/2019 7:43,C,0.028
11/13/2019 11:43,C,0.028
11/13/2019 15:43,C,0.028
11/13/2019 19:43,C,0.028
11/13/2019 23:43,C,0.028
11/14/2019 3:43,C,0.028
11/14/2019 7:43,C,0.028
11/14/2019 11:43,C,0.028
11/14/2019 15:43,C,0.028
11/14/2019 19:43,C,0.028
11/14/2019 23:43,C,0.028
11/15/2019 3:43,C,0.028
11/15/2019 7:43,C,0.028
11/15/2019 11:43,C,0.028
11/15/2019 15:43,C,0.028
11/15/2019 19:43,C,0.028
11/15/2019 23:43,C,0.028
11/16/2019 3:43,C,0.028
11/16/2019 7:43,C,0.028
11/16/2019 11:43,C,0.028
11/16/2019 15:43,C,0.028
11/16/2019 19:43,C,0.028
11/16/2019 23:43,C,0.028
11/17/2019 3:43,C,0.028
11/17/2019 7:43,C,0.028
11/17/2019 11:43,C,0.028
11/17/2019 15:43,C,0.028
11/17/2019 19:43,C,0.028
11/17/2019 23:43,C,0.028
11/18/2019 3:43,C,0.028
11/18/2019 7:43,C,0.531
11/18/2019 11:43,C,0.531
11/18/2019 15:43,C,0.531
11/18/2019 19:43,C,0.531
11/18/2019 23:43,C,0.531
11/19/2019 3:43,C,0.531
11/19/2019 7:43,C,0.531
11/19/2019 11:43,C,0.531
11/19/2019 15:43,C,0.531
11/19/2019 19:43,C,0.531
11/19/2019 23:43,C,0.531
11/20/2019 3:43,C,0.531
11/20/2019 7:43,C,0.531
11/20/2019 11:43,C,0.531
11/20/2019 15:43,C,0.531
11/20/2019 19:43,C,1.034
11/20/2019 23:43,C,1.034
11/21/2019 3:43,C,1.034
11/21/2019 7:43,C,1.034
11/21/2019 11:43,C,1.034
11/21/2019 15:43,C,1.034
11/21/2019 19:43,C,1.034
11/21/2019 23:43,C,1.034
11/22/2019 3:43,C,1.034
11/22/2019 7:43,C,1.034
11/22/2019 11:43,C,1.034
11/22/2019 15:43,C,1.034
11/22/2019 19:43,C,1.034
11/22/2019 23:43,C,1.034
11/23/2019 3:43,C,1.034
11/23/2019 7:43,C,1.034
11/23/2019 11:43,C,1.034
11/23/2019 15:43,C,1.034
11/23/2019 19:43,C,1.034
11/23/2019 23:43,C,1.034
11/24/2019 3:43,C,1.034
11/24/2019 7:43,C,1.034
11/24/2019 11:43,C,1.034
11/24/2019 15:43,C,1.034
11/24/2019 19:43,C,1.034
11/24/2019 23:43,C,1.034
11/25/2019 3:43,C,1.034
11/25/2019 7:43,C,1.034
11/25/2019 11:43,C,1.034
11/25/2019 15:43,C,1.034
11/25/2019 19:43,C,1.034
11/25/2019 23:43,C,1.034
11/26/2019 3:43,C,1.034
11/26/2019 7:43,C,1.034
11/26/2019 11:43,C,1.034
11/26/2019 15:43,C,1.034
11/26/2019 19:43,C,1.034
11/26/2019 23:43,C,1.034
11/27/2019 3:43,C,1.034
11/27/2019 7:43,C,1.034
11/27/2019 11:43,C,1.034
11/27/2019 15:43,C,1.034
11/27/2019 19:43,C,1.034
11/27/2019 23:43,C,1.034
11/28/2019 3:43,C,1.034
11/28/2019 7:43,C,1.034
11/28/2019 11:43,C,1.034
11/28/2019 15:43,C,1.034
11/28/2019 19:43,C,1.034
11/28/2019 23:43,C,1.034
11/29/2019 3:43,C,1.034
11/29/2019 7:43,C,1.034
11/29/2019 11:43,C,1.034
11/29/2019 15:43,C,1.034
11/29/2019 19:43,C,1.034
11/29/2019 23:43,C,1.034
11/30/2019 3:43,C,1.034
11/30/2019 7:43,C,1.034
11/30/2019 11:43,C,1.034
11/30/2019 15:43,C,1.034
11/30/2019 19:43,C,1.034
11/30/2019 23:43,C,1.034
12/1/2019 3:43,C,1.034
12/1/2019 7:43,C,1.034
12/1/2019 11:43,C,1.034
12/1/2019 15:43,C,1.034
12/1/2019 19:43,C,1.034
12/1/2019 23:43,C,1.034
12/2/2019 3:43,C,1.034
12/2/2019 7:43,C,1.034
12/2/2019 11:43,C,1.034
12/2/2019 15:43,C,1.034
12/2/2019 19:43,C,0.531
12/2/2019 23:43,C,0.531
12/3/2019 3:43,C,1.034
12/3/2019 7:43,C,0.531
12/3/2019 11:43,C,1.034
12/3/2019 15:43,C,0.531
12/3/2019 19:43,C,1.034
12/3/2019 23:43,C,0.531
12/4/2019 3:43,C,0.531
12/4/2019 7:43,C,1.034
12/4/2019 11:43,C,1.034
12/4/2019 15:43,C,1.034
12/4/2019 19:43,C,1.034
12/4/2019 23:43,C,1.034
12/5/2019 3:43,C,1.034
12/5/2019 7:43,C,1.034
12/5/2019 11:43,C,1.034
12/5/2019 15:43,C,1.034
12/5/2019 19:43,C,1.034
12/5/2019 23:43,C,1.034
12/6/2019 3:43,C,1.034
12/6/2019 7:43,C,1.034
12/6/2019 11:43,C,1.034
12/6/2019 15:43,C,1.034
12/6/2019 19:43,C,1.034
12/6/2019 23:43,C,1.034
12/7/2019 3:43,C,0.531
12/7/2019 7:43,C,0.531
12/7/2019 11:43,C,0.531
12/7/2019 15:43,C,1.034
12/7/2019 19:43,C,1.034
12/7/2019 23:43,C,1.034
12/8/2019 3:43,C,1.034
12/8/2019 7:43,C,1.034
12/8/2019 11:43,C,1.034
12/8/2019 15:43,C,1.034
12/8/2019 19:43,C,1.034
12/8/2019 23:43,C,1.034
12/9/2019 3:43,C,1.034
12/9/2019 7:43,C,1.034
12/9/2019 11:43,C,0.531
12/9/2019 15:43,C,0.531
12/9/2019 19:43,C,0.531
12/9/2019 23:43,C,0.531
12/10/2019 3:43,C,0.531
12/10/2019 7:43,C,0.531
12/10/2019 11:43,C,0.531
12/10/2019 15:43,C,0.531
12/10/2019 19:43,C,0.531
12/10/2019 23:43,C,0.531
12/11/2019 3:43,C,0.531
12/11/2019 7:43,C,0.531
12/11/2019 11:43,C,0.531
12/11/2019 15:43,C,0.531
12/11/2019 19:43,C,0.531
12/11/2019 23:43,C,0.531
12/12/2019 3:43,C,0.531
12/12/2019 7:43,C,0.531
12/12/2019 11:43,C,0.531
12/12/2019 15:43,C,0.028
12/12/2019 19:43,C,0.028
12/12/2019 23:43,C,0.028
12/13/2019 3:43,C,0.028
12/13/2019 7:43,C,0.028
12/13/2019 11:43,C,0.028
12/13/2019 15:43,C,0.028
12/13/2019 19:43,C,0.028
12/13/2019 23:43,C,0.028
12/14/2019 3:43,C,0.028
12/14/2019 7:43,C,0.028
12/14/2019 11:43,C,0.028
12/14/2019 15:43,C,0.028
12/14/2019 19:43,C,0.028
12/14/2019 23:43,C,0.028
12/15/2019 3:43,C,0.028
12/15/2019 7:43,C,0.028
12/15/2019 11:43,C,0.028
12/15/2019 15:43,C,0.028
12/15/2019 19:43,C,0.028
12/15/2019 23:43,C,0.028
12/16/2019 3:43,C,0.028
12/16/2019 7:43,C,0.028
12/16/2019 11:43,C,0.028
12/16/2019 15:43,C,0.028
12/16/2019 19:43,C,0.028
12/16/2019 23:43,C,0.028
12/17/2019 3:43,C,0.028
12/17/2019 7:43,C,0.028
12/17/2019 11:43,C,0.028
12/17/2019 15:43,C,0.028
12/17/2019 19:43,C,0.028
12/17/2019 23:43,C,0.028
12/18/2019 3:43,C,0.028
12/18/2019 7:43,C,0.028
12/18/2019 11:43,C,0.028
12/18/2019 15:43,C,0.028
12/18/2019 19:43,C,0.028
12/18/2019 23:43,C,0.028
12/19/2019 3:43,C,0.028
12/19/2019 7:43,C,0.028
12/19/2019 11:43,C,0.028
12/19/2019 15:43,C,0.028
12/19/2019 19:43,C,0.028
12/19/2019 23:43,C,0.028
12/20/2019 3:43,C,0.028
12/20/2019 7:43,C,0.028
12/20/2019 11:43,C,0.028
12/20/2019 15:43,C,0.028
12/20/2019 19:43,C,0.028
12/20/2019 23:43,C,0.028
12/21/2019 3:43,C,0.028
12/21/2019 7:43,C,0.028
12/21/2019 11:43,C,0.028
12/21/2019 15:43,C,0.028
12/21/2019 19:43,C,0.028
12/21/2019 23:43,C,0.028
12/22/2019 3:43,C,0.028
12/22/2019 7:43,C,0.028
12/22/2019 11:43,C,0.028
12/22/2019 15:43,C,0.028
12/22/2019 19:43,C,0.028
12/22/2019 23:43,C,0.028
12/23/2019 3:43,C,0.028
12/23/2019 7:43,C,0.028
12/23/2019 11:43,C,0.028
12/23/2019 15:43,C,0.028
12/23/2019 19:43,C,0.028
12/23/2019 23:43,C,0.028
12/24/2019 3:43,C,0.028
12/24/2019 7:43,C,0.028
12/24/2019 11:43,C,0.028
12/24/2019 15:43,C,0.028
12/24/2019 19:43,C,0.028
12/24/2019 23:43,C,0.028
12/25/2019 3:43,C,0.028
12/25/2019 7:43,C,0.028
12/25/2019 11:43,C,0.028
12/25/2019 15:43,C,0.028
12/25/2019 19:43,C,0.028
12/25/2019 23:43,C,0.028
12/26/2019 3:43,C,0.028
12/26/2019 7:43,C,0.028
12/26/2019 11:43,C,0.028
12/26/2019 15:43,C,0.028
12/26/2019 19:43,C,0.028
12/26/2019 23:43,C,0.028
12/27/2019 3:43,C,0.028
12/27/2019 7:43,C,0.028
12/27/2019 11:43,C,0.531
12/27/2019 15:43,C,0.531
12/27/2019 19:43,C,0.531
12/27/2019 23:43,C,0.531
12/28/2019 3:43,C,0.531
12/28/2019 7:43,C,0.531
12/28/2019 11:43,C,0.531
12/28/2019 15:43,C,0.531
12/28/2019 19:43,C,0.531
12/28/2019 23:43,C,0.531
12/29/2019 3:43,C,0.531
12/29/2019 7:43,C,0.531
12/29/2019 11:43,C,0.531
12/29/2019 15:43,C,0.531
12/29/2019 19:43,C,0.531
12/29/2019 23:43,C,0.531
12/30/2019 3:43,C,0.531
12/30/2019 7:43,C,0.531
12/30/2019 11:43,C,0.531
12/30/2019 15:43,C,0.531
12/30/2019 19:43,C,0.531
12/30/2019 23:43,C,0.531
12/31/2019 3:43,C,0.531
12/31/2019 7:43,C,0.531
12/31/2019 11:43,C,0.531
12/31/2019 15:43,C,0.531
12/31/2019 19:43,C,0.531
12/31/2019 23:43,C,0.531
1/1/2020 3:43,C,0.531
1/1/2020 7:43,C,0.531
1/1/2020 11:43,C,0.531
1/1/2020 15:43,C,0.531
1/1/2020 19:43,C,0.531
1/1/2020 23:43,C,0.531
1/2/2020 3:43,C,0.531
1/2/2020 7:43,C,0.531
1/2/2020 11:43,C,0.531
1/2/2020 15:43,C,0.531
1/2/2020 19:43,C,0.531
1/2/2020 23:43,C,0.531
1/3/2020 3:43,C,0.531
1/3/2020 7:43,C,0.531
1/3/2020 11:43,C,0.531
1/3/2020 15:43,C,0.531
1/3/2020 19:43,C,0.531
1/3/2020 23:43,C,0.531
1/4/2020 3:43,C,0.531
1/4/2020 7:43,C,0.531
1/4/2020 11:43,C,0.531
1/4/2020 15:43,C,0.531
1/4/2020 19:43,C,0.531
1/4/2020 23:43,C,0.531
1/5/2020 3:43,C,0.531
1/5/2020 7:43,C,0.531
1/5/2020 11:43,C,0.531
1/5/2020 15:43,C,0.531
1/5/2020 19:43,C,0.531
1/5/2020 23:43,C,0.531
1/6/2020 3:43,C,0.531
1/6/2020 7:43,C,0.531
1/6/2020 11:43,C,0.531
1/6/2020 15:43,C,0.531
1/6/2020 19:43,C,0.531
1/6/2020 23:43,C,0.531
1/7/2020 3:43,C,0.531
1/7/2020 7:43,C,0.531
1/7/2020 11:43,C,0.531
1/7/2020 15:43,C,0.531
1/7/2020 19:43,C,0.531
1/7/2020 23:43,C,0.531
1/8/2020 3:43,C,0.531
1/8/2020 7:43,C,0.531
1/8/2020 11:43,C,0.531
1/8/2020 15:43,C,0.531
1/8/2020 19:43,C,0.531
1/8/2020 23:43,C,0.531
1/9/2020 3:43,C,0.531
1/9/2020 7:43,C,0.531
1/9/2020 11:43,C,0.531
1/9/2020 15:43,C,0.531
1/9/2020 19:43,C,0.531
1/9/2020 23:43,C,0.531
1/10/2020 3:43,C,0.531
1/10/2020 7:43,C,0.531
1/10/2020 11:43,C,0.531
1/10/2020 15:43,C,0.531
1/10/2020 19:43,C,0.531
1/10/2020 23:43,C,0.531
1/11/2020 3:43,C,0.531
1/11/2020 7:43,C,0.531
1/11/2020 11:43,C,0.531
1/11/2020 15:43,C,0.531
1/11/2020 19:43,C,0.531
1/11/2020 23:43,C,0.531
1/12/2020 3:43,C,0.531
1/12/2020 7:43,C,0.531
1/12/2020 11:43,C,0.028
1/12/2020 15:43,C,0.028
1/12/2020 19:43,C,0.028
1/12/2020 23:43,C,0.028
1/13/2020 3:43,C,0.028
1/13/2020 7:43,C,0.028
1/13/2020 11:43,C,0.028
1/13/2020 15:43,C,0.028
1/13/2020 19:43,C,0.028
1/13/2020 23:43,C,0.028
1/14/2020 3:43,C,0.028
1/14/2020 7:43,C,0.028
1/14/2020 11:43,C,0.028
1/14/2020 15:43,C,0.028
1/14/2020 19:43,C,0.028
1/14/2020 23:43,C,0.028
1/15/2020 3:43,C,0.028
1/15/2020 7:43,C,0.028
1/15/2020 11:43,C,0.028
1/15/2020 15:43,C,0.028
1/15/2020 19:43,C,0.028
1/15/2020 23:43,C,0.028
1/16/2020 3:43,C,0.028
1/16/2020 7:43,C,0.028
1/16/2020 11:43,C,0.028
1/16/2020 15:43,C,0.028
1/16/2020 19:43,C,0.028
1/16/2020 23:43,C,0.028
1/17/2020 3:43,C,0.028
1/17/2020 7:43,C,0.028
1/17/2020 11:43,C,0.028
1/17/2020 15:43,C,0.028
1/17/2020 19:43,C,0.028
1/17/2020 23:43,C,0.028
1/18/2020 3:43,C,0.028
1/18/2020 7:43,C,0.028
1/18/2020 11:43,C,0.028
1/18/2020 15:43,C,0.028
1/18/2020 19:43,C,0.028
1/18/2020 23:43,C,0.028
1/19/2020 3:43,C,0.028
1/19/2020 7:43,C,0.028
1/19/2020 11:43,C,0.028
1/19/2020 15:43,C,0.028
1/19/2020 19:43,C,0.028
1/19/2020 23:43,C,0.028
1/20/2020 3:43,C,0.028
1/20/2020 7:43,C,0.028
1/20/2020 11:43,C,0.028
1/20/2020 15:43,C,0.028
1/20/2020 19:43,C,0.028
1/20/2020 23:43,C,0.028
1/21/2020 3:43,C,0.028
1/21/2020 7:43,C,0.028
1/21/2020 11:43,C,0.028
1/21/2020 15:43,C,0.028
1/21/2020 19:43,C,0.028
1/21/2020 23:43,C,0.028
1/22/2020 3:43,C,0.028
1/22/2020 7:43,C,0.028
1/22/2020 11:43,C,0.028
1/22/2020 15:43,C,0.028
1/22/2020 19:43,C,0.028
1/22/2020 23:43,C,0.028
1/23/2020 3:43,C,0.028
1/23/2020 7:43,C,0.028
1/23/2020 11:43,C,0.028
1/23/2020 15:43,C,0.028
1/23/2020 19:43,C,0.028
1/23/2020 23:43,C,0.028
1/24/2020 3:43,C,0.028
1/24/2020 7:43,C,0.028
1/24/2020 11:43,C,0.028
1/24/2020 15:43,C,0.028
1/24/2020 19:43,C,0.028
1/24/2020 23:43,C,0.028
1/25/2020 3:43,C,0.028
1/25/2020 7:43,C,0.028
1/25/2020 11:43,C,0.028
1/25/2020 15:43,C,0.028
1/25/2020 19:43,C,0.531
1/25/2020 23:43,C,0.531
1/26/2020 3:43,C,0.028
1/26/2020 7:43,C,0.531
1/26/2020 11:43,C,0.531
1/26/2020 15:43,C,0.531
1/26/2020 19:43,C,0.531
1/26/2020 23:43,C,0.531
1/27/2020 3:43,C,0.531
1/27/2020 7:43,C,0.531
1/27/2020 11:43,C,0.531
1/27/2020 15:43,C,0.531
1/27/2020 19:43,C,0.531
1/27/2020 23:43,C,0.531
1/28/2020 3:43,C,0.531
1/28/2020 7:43,C,0.531
1/28/2020 11:43,C,0.531
1/28/2020 15:43,C,0.531
1/28/2020 19:43,C,0.531
1/28/2020 23:43,C,0.531
1/29/2020 3:43,C,0.531
1/29/2020 7:43,C,0.531
1/29/2020 11:43,C,0.531
1/29/2020 15:43,C,0.531
1/29/2020 19:43,C,0.531
1/29/2020 23:43,C,0.531
1/30/2020 3:43,C,0.531
1/30/2020 7:43,C,0.531
1/30/2020 11:43,C,0.531
1/30/2020 15:43,C,0.531
1/30/2020 19:43,C,0.531
1/30/2020 23:43,C,0.531
1/31/2020 3:43,C,0.531
1/31/2020 7:43,C,0.531
1/31/2020 11:43,C,0.531
1/31/2020 15:43,C,0.531
1/31/2020 19:43,C,0.531
1/31/2020 23:43,C,0.531
2/1/2020 3:43,C,0.531
2/1/2020 7:43,C,0.531
2/1/2020 11:43,C,0.531
2/1/2020 15:43,C,0.531
2/1/2020 19:43,C,0.531
2/1/2020 23:43,C,0.531
2/2/2020 3:43,C,0.531
2/2/2020 7:43,C,0.531
2/2/2020 11:43,C,0.531
2/2/2020 15:43,C,0.531
2/2/2020 19:43,C,0.531
2/2/2020 23:43,C,0.531
2/3/2020 3:43,C,0.531
2/3/2020 7:43,C,0.531
2/3/2020 11:43,C,0.531
2/3/2020 15:43,C,0.531
2/3/2020 19:43,C,0.531
2/3/2020 23:43,C,0.531
2/4/2020 3:43,C,0.531
2/4/2020 7:43,C,0.531
2/4/2020 11:43,C,0.531
2/4/2020 15:43,C,0.531
2/4/2020 19:43,C,0.531
2/4/2020 23:43,C,0.531
2/5/2020 3:43,C,0.531
2/5/2020 7:43,C,0.531
2/5/2020 11:43,C,0.531
2/5/2020 15:43,C,0.531
2/5/2020 19:43,C,0.531
2/5/2020 23:43,C,0.531
2/6/2020 3:43,C,0.531
2/6/2020 7:43,C,0.531
2/6/2020 11:43,C,0.531
2/6/2020 15:43,C,0.531
2/6/2020 19:43,C,0.531
2/6/2020 23:43,C,0.531
2/7/2020 3:43,C,0.531
2/7/2020 7:43,C,0.531
2/7/2020 11:43,C,0.531
2/7/2020 15:43,C,0.531
2/7/2020 19:43,C,0.531
2/7/2020 23:43,C,0.531
2/8/2020 3:43,C,0.531
2/8/2020 7:43,C,0.531
2/8/2020 11:43,C,0.531
2/8/2020 15:43,C,0.531
2/8/2020 19:43,C,0.531
2/8/2020 23:43,C,0.531
2/9/2020 3:43,C,0.531
2/9/2020 7:43,C,0.531
2/9/2020 11:43,C,0.531
2/9/2020 15:43,C,0.531
2/9/2020 19:43,C,0.531
2/9/2020 23:43,C,0.531
2/10/2020 3:43,C,0.531
2/10/2020 7:43,C,0.531
2/10/2020 11:43,C,0.531
2/10/2020 15:43,C,0.531
2/10/2020 19:43,C,0.531
2/10/2020 23:43,C,0.531
2/11/2020 3:43,C,0.531
2/11/2020 7:43,C,0.531
2/11/2020 11:43,C,0.531
2/11/2020 15:43,C,0.531
2/11/2020 19:43,C,0.531
2/11/2020 23:43,C,0.531
2/12/2020 3:43,C,0.531
2/12/2020 7:43,C,0.531
2/12/2020 11:43,C,0.531
2/12/2020 15:43,C,0.531
2/12/2020 19:43,C,0.531
2/12/2020 23:43,C,0.531
2/13/2020 3:43,C,0.531
2/13/2020 7:43,C,0.531
2/13/2020 11:43,C,0.531
2/13/2020 15:43,C,0.531
2/13/2020 19:43,C,0.531
2/13/2020 23:43,C,0.028
2/14/2020 3:43,C,0.028
2/14/2020 7:43,C,0.028
2/14/2020 11:43,C,0.028
2/14/2020 15:43,C,0.028
2/14/2020 19:43,C,0.028
2/14/2020 23:43,C,0.028
2/15/2020 3:43,C,0.028
2/15/2020 7:43,C,0.028
2/15/2020 11:43,C,0.028
2/15/2020 15:43,C,0.028
2/15/2020 19:43,C,0.028
2/15/2020 23:43,C,0.028
2/16/2020 3:43,C,0.028
2/16/2020 7:43,C,0.028
2/16/2020 11:43,C,0.028
2/16/2020 15:43,C,0.028
2/16/2020 19:43,C,0.028
2/16/2020 23:43,C,0.028
2/17/2020 3:43,C,0.028
2/17/2020 7:43,C,0.028
2/17/2020 11:43,C,0.028
2/17/2020 15:43,C,0.028
2/17/2020 19:43,C,0.028
2/17/2020 23:43,C,0.028
2/18/2020 3:43,C,0.028
2/18/2020 7:43,C,0.028
2/18/2020 11:43,C,0.028
2/18/2020 15:43,C,0.028
2/18/2020 19:43,C,0.028
2/18/2020 23:43,C,0.028
2/19/2020 3:43,C,0.028
2/19/2020 7:43,C,0.028
2/19/2020 11:43,C,0.028
2/19/2020 15:43,C,0.028
2/19/2020 19:43,C,0.028
2/19/2020 23:43,C,0.028
2/20/2020 3:43,C,0.028
2/20/2020 7:43,C,0.028
2/20/2020 11:43,C,0.028
2/20/2020 15:43,C,0.028
2/20/2020 19:43,C,0.028
2/20/2020 23:43,C,0.028
2/21/2020 3:43,C,0.028
2/21/2020 7:43,C,0.028
2/21/2020 11:43,C,0.028
2/21/2020 15:43,C,0.028
2/21/2020 19:43,C,0.028
2/21/2020 23:43,C,0.028
2/22/2020 3:43,C,0.028
2/22/2020 7:43,C,0.028
2/22/2020 11:43,C,0.028
2/22/2020 15:43,C,0.028
2/22/2020 19:43,C,0.028
2/22/2020 23:43,C,0.028
2/23/2020 3:43,C,0.028
2/23/2020 7:43,C,0.028
2/23/2020 11:43,C,0.028
2/23/2020 15:43,C,0.028
2/23/2020 19:43,C,0.028
2/23/2020 23:43,C,0.028
2/24/2020 3:43,C,0.028
2/24/2020 7:43,C,0.028
2/24/2020 11:43,C,0.028
2/24/2020 15:43,C,0.028
2/24/2020 19:43,C,0.028
2/24/2020 23:43,C,0.028
2/25/2020 3:43,C,0.028
2/25/2020 7:43,C,0.028
2/25/2020 11:43,C,0.028
2/25/2020 15:43,C,0.028
2/25/2020 19:43,C,0.028
2/25/2020 23:43,C,0.028
2/26/2020 3:43,C,0.028
2/26/2020 7:43,C,0.028
2/26/2020 11:43,C,0.028
2/26/2020 15:43,C,0.028
2/26/2020 19:43,C,0.028
2/26/2020 23:43,C,0.028
2/27/2020 3:43,C,0.028
2/27/2020 7:43,C,0.028
2/27/2020 11:43,C,0.028
2/27/2020 15:43,C,0.028
2/27/2020 19:43,C,0.028
2/27/2020 23:43,C,0.028
2/28/2020 3:43,C,0.028
2/28/2020 7:43,C,0.028
2/28/2020 11:43,C,0.028
2/28/2020 15:43,C,0.028
2/28/2020 19:43,C,0.028
2/28/2020 23:43,C,0.028
2/29/2020 3:43,C,0.028
2/29/2020 7:43,C,0.028
2/29/2020 11:43,C,0.028
2/29/2020 15:43,C,0.028
2/29/2020 19:43,C,0.028
2/29/2020 23:43,C,0.028
3/1/2020 3:43,C,0.028
3/1/2020 7:43,C,0.028
3/1/2020 11:43,C,0.028
3/1/2020 15:43,C,0.028
3/1/2020 19:43,C,0.028
3/1/2020 23:43,C,0.028
3/2/2020 3:43,C,0.028
3/2/2020 7:43,C,0.028
3/2/2020 11:43,C,0.028
3/2/2020 15:43,C,0.028
3/2/2020 19:43,C,0.028
3/2/2020 23:43,C,0.028
3/3/2020 3:43,C,0.028
3/3/2020 7:43,C,0.028
3/3/2020 11:43,C,0.028
3/3/2020 15:43,C,0.028
3/3/2020 19:43,C,0.028
3/3/2020 23:43,C,0.028
3/4/2020 3:43,C,0.028
3/4/2020 7:43,C,0.028
3/4/2020 11:43,C,0.028
3/4/2020 15:43,C,0.028
3/4/2020 19:43,C,0.028
3/4/2020 23:43,C,0.028
3/5/2020 3:43,C,0.028
3/5/2020 7:43,C,0.028
3/5/2020 11:43,C,0.028
3/5/2020 15:43,C,0.028
3/5/2020 19:43,C,0.028
3/5/2020 23:43,C,0.028
3/6/2020 3:43,C,0.028
3/6/2020 7:43,C,0.028
3/6/2020 11:43,C,0.028
3/6/2020 15:43,C,0.028
3/6/2020 19:43,C,0.028
3/6/2020 23:43,C,0.028
3/7/2020 3:43,C,0.028
3/7/2020 7:43,C,0.028
3/7/2020 11:43,C,0.028
3/7/2020 15:43,C,0.028
3/7/2020 19:43,C,0.028
3/7/2020 23:43,C,0.028
3/8/2020 4:43,C,0.028
3/8/2020 8:43,C,0.028
3/8/2020 12:43,C,0.028
3/8/2020 16:43,C,0.028
3/8/2020 20:43,C,0.028
3/9/2020 0:43,C,0.028
3/9/2020 4:43,C,0.028
3/9/2020 8:43,C,0.028
3/9/2020 12:43,C,0.028
3/9/2020 16:43,C,0.028
3/9/2020 20:43,C,0.028
3/10/2020 0:43,C,0.028
3/10/2020 4:43,C,0.028
3/10/2020 8:43,C,0.028
3/10/2020 12:43,C,0.028
3/10/2020 16:43,C,0.028
3/10/2020 20:43,C,0.028
3/11/2020 0:43,C,0.028
3/11/2020 4:43,C,0.028
3/11/2020 8:43,C,0.028
3/11/2020 12:43,C,0.028
3/11/2020 16:43,C,0.028
3/11/2020 20:43,C,0.028
3/12/2020 0:43,C,0.028
3/12/2020 4:43,C,0.028
3/12/2020 8:43,C,0.028
3/12/2020 12:43,C,0.028
3/12/2020 16:43,C,0.028
3/12/2020 20:43,C,0.531
3/13/2020 0:43,C,0.531
3/13/2020 4:43,C,0.531
3/13/2020 8:43,C,0.531
3/13/2020 12:43,C,0.531
3/13/2020 16:43,C,0.531
3/13/2020 20:43,C,0.531
3/14/2020 0:43,C,0.531
3/14/2020 4:43,C,0.531
3/14/2020 8:43,C,0.531
3/14/2020 12:43,C,0.531
3/14/2020 16:43,C,0.531
3/14/2020 20:43,C,0.531
3/15/2020 0:43,C,0.531
3/15/2020 4:43,C,0.531
3/15/2020 8:43,C,0.531
3/15/2020 12:43,C,0.531
3/15/2020 16:43,C,0.531
3/15/2020 20:43,C,0.531
3/16/2020 0:43,C,0.531
3/16/2020 4:43,C,0.531
3/16/2020 8:43,C,0.531
3/16/2020 12:43,C,0.531
3/16/2020 16:43,C,0.531
3/16/2020 20:43,C,0.531
3/17/2020 0:43,C,0.531
3/17/2020 4:43,C,0.531
3/17/2020 8:43,C,0.531
3/17/2020 12:43,C,0.531
3/17/2020 16:43,C,0.531
3/17/2020 20:43,C,0.531
3/18/2020 0:43,C,0.531
3/18/2020 4:43,C,0.531
3/18/2020 8:43,C,0.531
3/18/2020 12:43,C,0.531
3/18/2020 16:43,C,0.531
3/18/2020 20:43,C,0.531
3/19/2020 0:43,C,0.531
3/19/2020 4:43,C,0.531
3/19/2020 8:43,C,0.531
3/19/2020 12:43,C,0.531
3/19/2020 16:43,C,0.531
3/19/2020 20:43,C,0.531
3/20/2020 0:43,C,0.531
3/20/2020 4:43,C,0.531
3/20/2020 8:43,C,0.531
3/20/2020 12:43,C,0.531
3/20/2020 16:43,C,0.531
3/20/2020 20:43,C,0.531
3/21/2020 0:43,C,0.531
3/21/2020 4:43,C,0.531
3/21/2020 8:43,C,0.531
3/21/2020 12:43,C,0.531
3/21/2020 16:43,C,0.531
3/21/2020 20:43,C,0.531
3/22/2020 0:43,C,0.531
3/22/2020 4:43,C,0.531
3/22/2020 8:43,C,0.531
3/22/2020 12:43,C,0.531
3/22/2020 16:43,C,0.531
3/22/2020 20:43,C,0.531
3/23/2020 0:43,C,0.531
3/23/2020 4:43,C,0.531
3/23/2020 8:43,C,0.531
3/23/2020 12:43,C,0.531
3/23/2020 16:43,C,0.531
3/23/2020 20:43,C,0.531
3/24/2020 0:43,C,0.531
3/24/2020 4:43,C,0.531
3/24/2020 8:43,C,0.531
3/24/2020 12:43,C,0.531
3/24/2020 16:43,C,0.531
3/24/2020 20:43,C,0.531
3/25/2020 0:43,C,0.531
3/25/2020 4:43,C,0.531
3/25/2020 8:43,C,0.531
3/25/2020 12:43,C,0.531
3/25/2020 16:43,C,0.531
3/25/2020 20:43,C,0.531
3/26/2020 0:43,C,0.531
3/26/2020 4:43,C,0.531
3/26/2020 8:43,C,0.531
3/26/2020 12:43,C,0.531
3/26/2020 16:43,C,0.531
3/26/2020 20:43,C,0.531
3/27/2020 0:43,C,0.531
3/27/2020 4:43,C,0.531
3/27/2020 8:43,C,0.531
3/27/2020 12:43,C,0.531
3/27/2020 16:43,C,0.531
3/27/2020 20:43,C,0.531
3/28/2020 0:43,C,0.531
3/28/2020 4:43,C,0.531
3/28/2020 8:43,C,0.531
3/28/2020 12:43,C,0.531
3/28/2020 16:43,C,0.531
3/28/2020 20:43,C,0.531
3/29/2020 0:43,C,0.531
3/29/2020 4:43,C,0.531
3/29/2020 8:43,C,0.531
3/29/2020 12:43,C,0.531
3/29/2020 16:43,C,0.531
3/29/2020 20:43,C,0.531
3/30/2020 0:43,C,0.531
3/30/2020 4:43,C,0.531
3/30/2020 8:43,C,0.531
3/30/2020 12:43,C,0.531
3/30/2020 16:43,C,0.531
3/30/2020 20:43,C,0.531
3/31/2020 0:43,C,0.531
3/31/2020 4:43,C,0.531
3/31/2020 8:43,C,0.531
3/31/2020 12:43,C,0.531
3/31/2020 16:43,C,0.531
3/31/2020 20:43,C,0.531
4/1/2020 0:43,C,0.531
4/1/2020 4:43,C,0.531
4/1/2020 8:43,C,0.531
4/1/2020 12:43,C,0.531
4/1/2020 16:43,C,0.531
4/1/2020 20:43,C,1.034
4/2/2020 0:43,C,1.034
4/2/2020 4:43,C,1.034
4/2/2020 8:43,C,1.536
4/2/2020 12:43,C,1.536
4/2/2020 16:43,C,2.038
4/2/2020 20:43,C,1.536
4/3/2020 0:43,C,1.536
4/3/2020 4:43,C,1.034
4/3/2020 8:43,C,1.034
4/3/2020 12:43,C,1.034
4/3/2020 16:43,C,1.034
4/3/2020 20:43,C,0.531
4/4/2020 0:43,C,0.531
4/4/2020 4:43,C,0.531
4/4/2020 8:43,C,0.531
4/4/2020 12:43,C,0.531
4/4/2020 16:43,C,0.531
4/4/2020 20:43,C,0.531
4/5/2020 0:43,C,0.531
4/5/2020 4:43,C,0.531
4/5/2020 8:43,C,0.531
4/5/2020 12:43,C,0.531
4/5/2020 16:43,C,0.531
4/5/2020 20:43,C,0.531
4/6/2020 0:43,C,0.531
4/6/2020 4:43,C,0.531
4/6/2020 8:43,C,0.531
4/6/2020 12:43,C,1.034
4/6/2020 16:43,C,2.038
4/6/2020 20:43,C,2.541
4/7/2020 0:43,C,2.541
4/7/2020 4:43,C,2.541
4/7/2020 8:43,C,2.541
4/7/2020 12:43,C,3.043
4/7/2020 16:43,C,3.546
4/7/2020 20:43,C,4.048
4/8/2020 0:43,C,3.546
4/8/2020 4:43,C,2.541
4/8/2020 8:43,C,2.541
4/8/2020 12:43,C,3.043
4/8/2020 16:43,C,3.546
4/8/2020 20:43,C,3.043
4/9/2020 0:43,C,2.541
4/9/2020 4:43,C,2.038
4/9/2020 8:43,C,2.038
4/9/2020 12:43,C,2.038
4/9/2020 16:43,C,2.038
4/9/2020 20:43,C,2.038
4/10/2020 0:43,C,1.536
4/10/2020 4:43,C,1.536
4/10/2020 8:43,C,1.536
4/10/2020 12:43,C,1.034
4/10/2020 16:43,C,1.536
4/10/2020 20:43,C,2.038
4/11/2020 0:43,C,2.038
4/11/2020 4:43,C,1.536
4/11/2020 8:43,C,1.536
4/11/2020 12:43,C,1.536
4/11/2020 16:43,C,2.038
4/11/2020 20:43,C,2.038
4/12/2020 0:43,C,2.038
4/12/2020 4:43,C,1.536
4/12/2020 8:43,C,1.536
4/12/2020 12:43,C,1.536
4/12/2020 16:43,C,1.034
4/12/2020 20:43,C,1.034
4/13/2020 0:43,C,1.034
4/13/2020 4:43,C,1.034
4/13/2020 8:43,C,1.034
4/13/2020 12:43,C,1.034
4/13/2020 16:43,C,1.034
4/13/2020 20:43,C,1.034
4/14/2020 0:43,C,1.034
4/14/2020 4:43,C,1.034
4/14/2020 8:43,C,0.531
4/14/2020 12:43,C,0.531
4/14/2020 16:43,C,0.531
4/14/2020 20:43,C,0.531
4/15/2020 0:43,C,0.531
4/15/2020 4:43,C,0.531
4/15/2020 8:43,C,0.531
4/15/2020 12:43,C,0.531
4/15/2020 16:43,C,0.531
4/15/2020 20:43,C,0.531
4/16/2020 0:43,C,0.531
4/16/2020 4:43,C,0.531
4/16/2020 8:43,C,0.531
4/16/2020 12:43,C,0.028
4/16/2020 16:43,C,0.028
4/16/2020 20:43,C,0.028
4/17/2020 0:43,C,0.028
4/17/2020 4:43,C,0.028
4/17/2020 8:43,C,0.028
4/17/2020 12:43,C,0.028
4/17/2020 16:43,C,0.028
4/17/2020 20:43,C,0.531
4/18/2020 0:43,C,0.028
4/18/2020 4:43,C,0.028
4/18/2020 8:43,C,0.531
4/18/2020 12:43,C,0.531
4/18/2020 16:43,C,0.531
4/18/2020 20:43,C,1.034
4/19/2020 0:43,C,1.034
4/19/2020 4:43,C,1.034
4/19/2020 8:43,C,0.531
4/19/2020 12:43,C,0.531
4/19/2020 16:43,C,1.536
4/19/2020 20:43,C,1.536
4/20/2020 0:43,C,1.536
4/20/2020 4:43,C,1.536
4/20/2020 8:43,C,1.536
4/20/2020 12:43,C,2.038
4/20/2020 16:43,C,2.038
4/20/2020 20:43,C,2.038
4/21/2020 0:43,C,1.536
4/21/2020 4:43,C,1.536
4/21/2020 8:43,C,1.034
4/21/2020 12:43,C,1.034
4/21/2020 16:43,C,1.536
4/21/2020 20:43,C,1.536
4/22/2020 0:43,C,1.536
4/22/2020 4:43,C,1.034
4/22/2020 8:43,C,1.034
4/22/2020 12:43,C,1.536
4/22/2020 16:43,C,2.541
4/22/2020 20:43,C,3.546
4/23/2020 0:43,C,3.043
4/23/2020 4:43,C,2.541
4/23/2020 8:43,C,2.541
4/23/2020 12:43,C,2.541
4/23/2020 16:43,C,3.043
4/23/2020 20:43,C,3.546
4/24/2020 0:43,C,3.546
4/24/2020 4:43,C,3.043
4/24/2020 8:43,C,3.043
4/24/2020 12:43,C,3.546
4/24/2020 16:43,C,5.052
4/24/2020 20:43,C,5.052
4/25/2020 0:43,C,4.55
4/25/2020 4:43,C,4.048
4/25/2020 8:43,C,3.546
4/25/2020 12:43,C,4.048
4/25/2020 16:43,C,5.052
4/25/2020 20:43,C,5.554
4/26/2020 0:43,C,5.052
4/26/2020 4:43,C,5.052
4/26/2020 8:43,C,4.55
4/26/2020 12:43,C,5.052
4/26/2020 16:43,C,6.056
4/26/2020 20:43,C,6.056
4/27/2020 0:43,C,6.056
4/27/2020 4:43,C,6.056
4/27/2020 8:43,C,5.554
4/27/2020 12:43,C,6.056
4/27/2020 16:43,C,7.06
4/27/2020 20:43,C,7.06
4/28/2020 0:43,C,6.558
4/28/2020 4:43,C,6.056
4/28/2020 8:43,C,6.056
4/28/2020 12:43,C,6.056
4/28/2020 16:43,C,7.06
4/28/2020 20:43,C,7.06
4/29/2020 0:43,C,6.558
4/29/2020 4:43,C,6.056
4/29/2020 8:43,C,5.554
4/29/2020 12:43,C,6.558
4/29/2020 16:43,C,7.06
4/29/2020 20:43,C,7.562
4/30/2020 0:43,C,7.06
4/30/2020 4:43,C,6.056
4/30/2020 8:43,C,5.554
4/30/2020 12:43,C,6.056
4/30/2020 16:43,C,7.562
4/30/2020 20:43,C,7.562
5/1/2020 0:43,C,7.06
5/1/2020 4:43,C,7.06
5/1/2020 8:43,C,6.558
5/1/2020 12:43,C,7.06
5/1/2020 16:43,C,7.06
5/1/2020 20:43,C,7.562
5/2/2020 0:43,C,7.562
5/2/2020 4:43,C,7.06
5/2/2020 8:43,C,6.558
5/2/2020 12:43,C,7.06
5/2/2020 16:43,C,8.064
5/2/2020 20:43,C,8.064
5/3/2020 0:43,C,7.562
5/3/2020 4:43,C,7.06
5/3/2020 8:43,C,6.056
5/3/2020 12:43,C,6.056
5/3/2020 16:43,C,7.06
5/3/2020 20:43,C,7.06
5/4/2020 0:43,C,6.558
5/4/2020 4:43,C,5.554
5/4/2020 8:43,C,5.554
5/4/2020 12:43,C,6.056
5/4/2020 16:43,C,6.558
5/4/2020 20:43,C,6.558
5/5/2020 0:43,C,6.558
5/5/2020 4:43,C,6.056
5/5/2020 8:43,C,5.554
5/5/2020 12:43,C,6.056
5/5/2020 16:43,C,6.056
5/5/2020 20:43,C,6.558
5/6/2020 0:43,C,6.558
5/6/2020 4:43,C,6.056
5/6/2020 8:43,C,5.554
5/6/2020 12:43,C,6.056
5/6/2020 16:43,C,7.06
5/6/2020 20:43,C,7.06
5/7/2020 0:43,C,6.558
5/7/2020 4:43,C,6.056
5/7/2020 8:43,C,5.554
5/7/2020 12:43,C,5.554
5/7/2020 16:43,C,6.558
5/7/2020 20:43,C,6.558
5/8/2020 0:43,C,6.056
5/8/2020 4:43,C,5.554
5/8/2020 8:43,C,5.052
5/8/2020 12:43,C,5.052
5/8/2020 16:43,C,6.056
5/8/2020 20:43,C,6.056
5/9/2020 0:43,C,5.554
5/9/2020 4:43,C,5.052
5/9/2020 8:43,C,4.55
5/9/2020 12:43,C,4.55
5/9/2020 16:43,C,4.048
5/9/2020 20:43,C,4.048
5/10/2020 0:43,C,4.048
5/10/2020 4:43,C,4.048
5/10/2020 8:43,C,4.048
5/10/2020 12:43,C,4.55
5/10/2020 16:43,C,5.052
5/10/2020 20:43,C,5.052
5/11/2020 0:43,C,4.55
5/11/2020 4:43,C,4.048
5/11/2020 8:43,C,3.546
5/11/2020 12:43,C,4.048
5/11/2020 16:43,C,5.052
5/11/2020 20:43,C,5.052
5/12/2020 0:43,C,4.55
5/12/2020 4:43,C,4.048
5/12/2020 8:43,C,3.546
5/12/2020 12:43,C,4.048
5/12/2020 16:43,C,5.052
5/12/2020 20:43,C,5.554
5/13/2020 0:43,C,5.052
5/13/2020 4:43,C,5.052
5/13/2020 8:43,C,4.55
5/13/2020 12:43,C,4.55
5/13/2020 16:43,C,5.052
5/13/2020 20:43,C,5.052
5/14/2020 0:43,C,5.052
5/14/2020 4:43,C,5.052
5/14/2020 8:43,C,5.052
5/14/2020 12:43,C,5.554
5/14/2020 16:43,C,7.06
5/14/2020 20:43,C,7.06
5/15/2020 0:43,C,6.558
5/15/2020 4:43,C,6.056
5/15/2020 8:43,C,5.554
5/15/2020 12:43,C,6.056
5/15/2020 16:43,C,7.06
5/15/2020 20:43,C,7.562
5/16/2020 0:43,C,7.06
5/16/2020 4:43,C,6.558
5/16/2020 8:43,C,6.056
5/16/2020 12:43,C,7.06
5/16/2020 16:43,C,7.562
5/16/2020 20:43,C,8.064
5/17/2020 0:43,C,7.562
5/17/2020 4:43,C,7.06
5/17/2020 8:43,C,7.06
5/17/2020 12:43,C,7.562
5/17/2020 16:43,C,8.566
5/17/2020 20:43,C,9.067
5/18/2020 0:43,C,8.566
5/18/2020 4:43,C,8.064
5/18/2020 8:43,C,7.562
5/18/2020 12:43,C,8.064
5/18/2020 16:43,C,9.067
5/18/2020 20:43,C,9.569
5/19/2020 0:43,C,9.067
5/19/2020 4:43,C,8.566
5/19/2020 8:43,C,8.064
5/19/2020 12:43,C,8.566
5/19/2020 16:43,C,9.569
5/19/2020 20:43,C,10.071
5/20/2020 0:43,C,10.071
5/20/2020 4:43,C,9.569
5/20/2020 8:43,C,9.569
5/20/2020 12:43,C,9.569
5/20/2020 16:43,C,10.071
5/20/2020 20:43,C,10.572
5/21/2020 0:43,C,10.572
5/21/2020 4:43,C,10.071
5/21/2020 8:43,C,9.569
5/21/2020 12:43,C,10.071
5/21/2020 16:43,C,10.572
5/21/2020 20:43,C,10.572
5/22/2020 0:43,C,10.071
5/22/2020 4:43,C,10.071
5/22/2020 8:43,C,9.569
5/22/2020 12:43,C,10.071
5/22/2020 16:43,C,10.071
5/22/2020 20:43,C,10.572
5/23/2020 0:43,C,10.071
5/23/2020 4:43,C,10.071
5/23/2020 8:43,C,10.071
5/23/2020 12:43,C,10.071
5/23/2020 16:43,C,10.572
5/23/2020 20:43,C,10.572
5/24/2020 0:43,C,10.572
5/24/2020 4:43,C,10.071
5/24/2020 8:43,C,10.071
5/24/2020 12:43,C,10.071
5/24/2020 16:43,C,10.572
5/24/2020 20:43,C,11.074
5/25/2020 0:43,C,10.572
5/25/2020 4:43,C,10.572
5/25/2020 8:43,C,10.572
5/25/2020 12:43,C,11.074
5/25/2020 16:43,C,12.077
5/25/2020 20:43,C,12.077
5/26/2020 0:43,C,11.575
5/26/2020 4:43,C,11.575
5/26/2020 8:43,C,11.074
5/26/2020 12:43,C,11.575
5/26/2020 16:43,C,11.575
5/26/2020 20:43,C,11.575
5/27/2020 0:43,C,11.074
5/27/2020 4:43,C,10.572
5/27/2020 8:43,C,10.572
5/27/2020 12:43,C,11.575
5/27/2020 16:43,C,12.578
5/27/2020 20:43,C,13.08
5/28/2020 0:43,C,12.077
5/28/2020 4:43,C,11.575
5/28/2020 8:43,C,11.074
5/28/2020 12:43,C,11.575
5/28/2020 16:43,C,12.077
5/28/2020 20:43,C,11.575
5/29/2020 0:43,C,11.074
5/29/2020 4:43,C,10.572
5/29/2020 8:43,C,10.071
5/29/2020 12:43,C,10.071
5/29/2020 16:43,C,11.074
5/29/2020 20:43,C,10.572
5/30/2020 0:43,C,10.071
5/30/2020 4:43,C,9.569
5/30/2020 8:43,C,9.067
5/30/2020 12:43,C,9.569
5/30/2020 16:43,C,10.572
5/30/2020 20:43,C,10.572
5/31/2020 0:43,C,9.569
5/31/2020 4:43,C,9.067
5/31/2020 8:43,C,8.566
5/31/2020 12:43,C,9.569
5/31/2020 16:43,C,10.572
5/31/2020 20:43,C,11.074
6/1/2020 0:43,C,10.572
6/1/2020 4:43,C,10.572
6/1/2020 8:43,C,10.572
6/1/2020 12:43,C,11.575
6/1/2020 16:43,C,12.578
6/1/2020 20:43,C,13.08
6/2/2020 0:43,C,13.08
6/2/2020 4:43,C,12.578
6/2/2020 8:43,C,12.077
6/2/2020 12:43,C,12.077
6/2/2020 16:43,C,13.08
6/2/2020 20:43,C,13.08
6/3/2020 0:43,C,12.578
6/3/2020 4:43,C,12.077
6/3/2020 8:43,C,11.575
6/3/2020 12:43,C,12.077
6/3/2020 16:43,C,13.08
6/3/2020 20:43,C,13.08
6/4/2020 0:43,C,12.578
6/4/2020 4:43,C,12.077
6/4/2020 8:43,C,11.575
6/4/2020 12:43,C,12.077
6/4/2020 16:43,C,13.08
6/4/2020 20:43,C,13.08
6/5/2020 0:43,C,12.578
6/5/2020 4:43,C,12.077
6/5/2020 8:43,C,11.575
6/5/2020 12:43,C,12.077
6/5/2020 16:43,C,13.08
6/5/2020 20:43,C,13.08
6/6/2020 0:43,C,12.077
6/6/2020 4:43,C,11.575
6/6/2020 8:43,C,11.074
6/6/2020 12:43,C,11.575
6/6/2020 16:43,C,12.077
6/6/2020 20:43,C,12.077
6/7/2020 0:43,C,11.575
6/7/2020 4:43,C,11.575
6/7/2020 8:43,C,11.575
6/7/2020 12:43,C,11.575
6/7/2020 16:43,C,12.578
6/7/2020 20:43,C,13.581
6/8/2020 0:43,C,13.581
6/8/2020 4:43,C,13.08
6/8/2020 8:43,C,14.082
6/8/2020 12:43,C,14.082
6/8/2020 16:43,C,15.084
6/8/2020 20:43,C,15.084
6/9/2020 0:43,C,15.084
6/9/2020 4:43,C,15.585
6/9/2020 8:43,C,15.585
6/9/2020 12:43,C,15.585
6/9/2020 16:43,C,15.084
6/9/2020 20:43,C,14.583
6/10/2020 0:43,C,14.082
6/10/2020 4:43,C,13.581
6/10/2020 8:43,C,13.08
6/10/2020 12:43,C,13.08
6/10/2020 16:43,C,13.581
6/10/2020 20:43,C,13.08
6/11/2020 0:43,C,13.08
6/11/2020 4:43,C,12.077
6/11/2020 8:43,C,12.077
6/11/2020 12:43,C,12.578
6/11/2020 16:43,C,13.08
6/11/2020 20:43,C,13.08
6/12/2020 0:43,C,13.08
6/12/2020 4:43,C,12.578
6/12/2020 8:43,C,12.077
6/12/2020 12:43,C,12.077
6/12/2020 16:43,C,13.08
6/12/2020 20:43,C,13.08
6/13/2020 0:43,C,12.578
6/13/2020 4:43,C,12.077
6/13/2020 8:43,C,11.575
6/13/2020 12:43,C,11.575
6/13/2020 16:43,C,12.578
6/13/2020 20:43,C,12.578
6/14/2020 0:43,C,12.077
6/14/2020 4:43,C,12.077
6/14/2020 8:43,C,11.575
6/14/2020 12:43,C,12.077
6/14/2020 16:43,C,12.578
6/14/2020 20:43,C,13.08
6/15/2020 0:43,C,12.578
6/15/2020 4:43,C,12.578
6/15/2020 8:43,C,12.578
6/15/2020 12:43,C,13.08
6/15/2020 16:43,C,13.581
6/15/2020 20:43,C,14.082
6/16/2020 0:43,C,14.082
6/16/2020 4:43,C,13.581
6/16/2020 8:43,C,13.581
6/16/2020 12:43,C,14.082
6/16/2020 16:43,C,15.084
6/16/2020 20:43,C,15.585
6/17/2020 0:43,C,15.084
6/17/2020 4:43,C,15.084
6/17/2020 8:43,C,14.583
6/17/2020 12:43,C,15.084
6/17/2020 16:43,C,16.086
6/17/2020 20:43,C,16.086
6/18/2020 0:43,C,16.086
6/18/2020 4:43,C,16.587
6/18/2020 8:43,C,16.587
6/18/2020 12:43,C,16.587
6/18/2020 16:43,C,16.587
6/18/2020 20:43,C,16.086
6/19/2020 0:43,C,15.585
6/19/2020 4:43,C,15.084
6/19/2020 8:43,C,14.082
6/19/2020 12:43,C,14.082
6/19/2020 16:43,C,14.583
6/19/2020 20:43,C,14.583
6/20/2020 0:43,C,14.082
6/20/2020 4:43,C,14.082
6/20/2020 8:43,C,13.581
6/20/2020 12:43,C,13.581
6/20/2020 16:43,C,14.082
6/20/2020 20:43,C,14.082
6/21/2020 0:43,C,14.082
6/21/2020 4:43,C,13.581
6/21/2020 8:43,C,13.581
6/21/2020 12:43,C,13.581
6/21/2020 16:43,C,14.082
6/21/2020 20:43,C,14.082
6/22/2020 0:43,C,13.581
6/22/2020 4:43,C,13.08
6/22/2020 8:43,C,12.578
6/22/2020 12:43,C,13.08
6/22/2020 16:43,C,13.581
6/22/2020 20:43,C,13.581
6/23/2020 0:43,C,13.581
6/23/2020 4:43,C,13.08
6/23/2020 8:43,C,13.08
6/23/2020 12:43,C,13.581
6/23/2020 16:43,C,14.082
6/23/2020 20:43,C,14.082
6/24/2020 0:43,C,13.581
6/24/2020 4:43,C,13.08
6/24/2020 8:43,C,12.578
6/24/2020 12:43,C,13.08
6/24/2020 16:43,C,14.082
6/24/2020 20:43,C,14.082
6/25/2020 0:43,C,13.581
6/25/2020 4:43,C,13.08
6/25/2020 8:43,C,12.578
6/25/2020 12:43,C,13.08
6/25/2020 16:43,C,14.082
6/25/2020 20:43,C,14.583
6/26/2020 0:43,C,14.082
6/26/2020 4:43,C,14.082
6/26/2020 8:43,C,14.082
6/26/2020 12:43,C,14.082
6/26/2020 16:43,C,15.084
6/26/2020 20:43,C,15.084
6/27/2020 0:43,C,14.583
6/27/2020 4:43,C,14.082
6/27/2020 8:43,C,13.581
6/27/2020 12:43,C,14.082
6/27/2020 16:43,C,15.084
6/27/2020 20:43,C,15.585
6/28/2020 0:43,C,15.084
6/28/2020 4:43,C,14.583
6/28/2020 8:43,C,14.583
6/28/2020 12:43,C,15.084
6/28/2020 16:43,C,16.086
6/28/2020 20:43,C,16.086
6/29/2020 0:43,C,16.086
6/29/2020 4:43,C,15.585
6/29/2020 8:43,C,15.585
6/29/2020 12:43,C,15.585
6/29/2020 16:43,C,16.086
6/29/2020 20:43,C,16.587
6/30/2020 0:43,C,16.086
6/30/2020 4:43,C,16.086
6/30/2020 8:43,C,15.585
6/30/2020 12:43,C,16.086
6/30/2020 16:43,C,16.587
6/30/2020 20:43,C,17.088
7/1/2020 0:43,C,17.088
7/1/2020 4:43,C,17.088
7/1/2020 8:43,C,16.587
7/1/2020 12:43,C,16.587
7/1/2020 16:43,C,17.088
7/1/2020 20:43,C,17.088
7/2/2020 0:43,C,16.587
7/2/2020 4:43,C,16.086
7/2/2020 8:43,C,16.086
7/2/2020 12:43,C,16.587
7/2/2020 16:43,C,17.589
7/2/2020 20:43,C,18.09
7/3/2020 0:43,C,17.589
7/3/2020 4:43,C,17.088
7/3/2020 8:43,C,16.587
7/3/2020 12:43,C,17.088
7/3/2020 16:43,C,18.09
7/3/2020 20:43,C,18.09
7/4/2020 0:43,C,17.589
7/4/2020 4:43,C,17.088
7/4/2020 8:43,C,16.587
7/4/2020 12:43,C,17.088
7/4/2020 16:43,C,17.589
7/4/2020 20:43,C,18.09
7/5/2020 0:43,C,17.589
7/5/2020 4:43,C,17.088
7/5/2020 8:43,C,17.088
7/5/2020 12:43,C,17.589
7/5/2020 16:43,C,18.09
7/5/2020 20:43,C,18.09
7/6/2020 0:43,C,17.589
7/6/2020 4:43,C,17.088
7/6/2020 8:43,C,17.088
7/6/2020 12:43,C,17.088
7/6/2020 16:43,C,17.589
7/6/2020 20:43,C,17.589
7/7/2020 0:43,C,17.589
7/7/2020 4:43,C,17.088
7/7/2020 8:43,C,16.587
7/7/2020 12:43,C,16.587
7/7/2020 16:43,C,17.589
7/7/2020 20:43,C,17.589
7/8/2020 0:43,C,17.088
7/8/2020 4:43,C,17.088
7/8/2020 8:43,C,17.088
7/8/2020 12:43,C,17.088
7/8/2020 16:43,C,17.589
7/8/2020 20:43,C,17.589
7/9/2020 0:43,C,17.589
7/9/2020 4:43,C,17.589
7/9/2020 8:43,C,17.088
7/9/2020 12:43,C,17.589
7/9/2020 16:43,C,18.09
7/9/2020 20:43,C,17.589
7/10/2020 0:43,C,17.088
7/10/2020 4:43,C,16.587
7/10/2020 8:43,C,16.086
7/10/2020 12:43,C,16.587
7/10/2020 16:43,C,17.589
7/10/2020 20:43,C,17.589
7/11/2020 0:43,C,17.088
7/11/2020 4:43,C,16.587
7/11/2020 8:43,C,16.086
7/11/2020 12:43,C,16.587
7/11/2020 16:43,C,17.088
7/11/2020 20:43,C,17.088
7/12/2020 0:43,C,17.088
7/12/2020 4:43,C,16.086
7/12/2020 8:43,C,15.585
7/12/2020 12:43,C,16.086
7/12/2020 16:43,C,17.088
7/12/2020 20:43,C,17.088
7/13/2020 0:43,C,16.587
7/13/2020 4:43,C,16.587
7/13/2020 8:43,C,16.086
7/13/2020 12:43,C,16.587
7/13/2020 16:43,C,17.088
7/13/2020 20:43,C,17.088
7/14/2020 0:43,C,17.088
7/14/2020 4:43,C,16.587
7/14/2020 8:43,C,16.086
7/14/2020 12:43,C,15.585
7/14/2020 16:43,C,16.086
7/14/2020 20:43,C,16.587
7/15/2020 0:43,C,16.086
7/15/2020 4:43,C,15.585
7/15/2020 8:43,C,15.084
7/15/2020 12:43,C,15.585
7/15/2020 16:43,C,16.086
7/15/2020 20:43,C,16.587
7/16/2020 0:43,C,16.086
7/16/2020 4:43,C,15.585
7/16/2020 8:43,C,15.585
7/16/2020 12:43,C,15.585
7/16/2020 16:43,C,16.587
7/16/2020 20:43,C,16.587
7/17/2020 0:43,C,16.587
7/17/2020 4:43,C,15.585
7/17/2020 8:43,C,15.585
7/17/2020 12:43,C,16.086
7/17/2020 16:43,C,17.088
7/17/2020 20:43,C,17.088
7/18/2020 0:43,C,16.587
7/18/2020 4:43,C,16.587
7/18/2020 8:43,C,16.086
7/18/2020 12:43,C,16.587
7/18/2020 16:43,C,17.589
7/18/2020 20:43,C,17.589
7/19/2020 0:43,C,17.088
7/19/2020 4:43,C,16.587
7/19/2020 8:43,C,16.086
7/19/2020 12:43,C,16.086
7/19/2020 16:43,C,16.587
7/19/2020 20:43,C,16.587
7/20/2020 0:43,C,16.086
7/20/2020 4:43,C,15.585
7/20/2020 8:43,C,15.084
7/20/2020 12:43,C,15.585
7/20/2020 16:43,C,16.086
7/20/2020 20:43,C,16.086
7/21/2020 0:43,C,16.086
7/21/2020 4:43,C,15.585
7/21/2020 8:43,C,15.585
7/21/2020 12:43,C,15.585
7/21/2020 16:43,C,15.585
7/21/2020 20:43,C,16.086
7/22/2020 0:43,C,15.585
7/22/2020 4:43,C,15.084
7/22/2020 8:43,C,14.583
7/22/2020 12:43,C,14.583
7/22/2020 16:43,C,15.585
7/22/2020 20:43,C,15.585
7/23/2020 0:43,C,15.585
7/23/2020 4:43,C,15.084
7/23/2020 8:43,C,14.583
7/23/2020 12:43,C,15.084
7/23/2020 16:43,C,16.086
7/23/2020 20:43,C,16.086
7/24/2020 0:43,C,16.086
7/24/2020 4:43,C,16.086
7/24/2020 8:43,C,16.086
7/24/2020 12:43,C,16.587
7/24/2020 16:43,C,17.589
7/24/2020 20:43,C,18.09
7/25/2020 0:43,C,18.09
7/25/2020 4:43,C,18.09
7/25/2020 8:43,C,18.09
7/25/2020 12:43,C,18.09
7/25/2020 16:43,C,18.09
7/25/2020 20:43,C,18.591
7/26/2020 0:43,C,18.591
7/26/2020 4:43,C,18.09
7/26/2020 8:43,C,17.589
7/26/2020 12:43,C,17.589
7/26/2020 16:43,C,18.09
7/26/2020 20:43,C,18.09
7/27/2020 0:43,C,17.589
7/27/2020 4:43,C,16.587
7/27/2020 8:43,C,16.587
7/27/2020 12:43,C,16.587
7/27/2020 16:43,C,17.088
7/27/2020 20:43,C,17.589
7/28/2020 0:43,C,17.088
7/28/2020 4:43,C,16.086
7/28/2020 8:43,C,16.086
7/28/2020 12:43,C,16.086
7/28/2020 16:43,C,17.088
7/28/2020 20:43,C,17.088
7/29/2020 0:43,C,16.587
7/29/2020 4:43,C,16.086
7/29/2020 8:43,C,15.585
7/29/2020 12:43,C,16.086
7/29/2020 16:43,C,17.088
7/29/2020 20:43,C,17.088
7/30/2020 0:43,C,16.587
7/30/2020 4:43,C,16.086
7/30/2020 8:43,C,15.585
7/30/2020 12:43,C,16.086
7/30/2020 16:43,C,17.088
7/30/2020 20:43,C,17.088
7/31/2020 0:43,C,16.587
7/31/2020 4:43,C,16.086
7/31/2020 8:43,C,15.585
7/31/2020 12:43,C,16.086
7/31/2020 16:43,C,17.088
7/31/2020 20:43,C,17.088
8/1/2020 0:43,C,17.088
8/1/2020 4:43,C,16.587
8/1/2020 8:43,C,16.587
8/1/2020 12:43,C,16.587
8/1/2020 16:43,C,17.088
8/1/2020 20:43,C,17.088
8/2/2020 0:43,C,16.587
8/2/2020 4:43,C,16.086
8/2/2020 8:43,C,15.585
8/2/2020 12:43,C,15.585
8/2/2020 16:43,C,16.086
8/2/2020 20:43,C,16.086
8/3/2020 0:43,C,15.585
8/3/2020 4:43,C,15.084
8/3/2020 8:43,C,14.583
8/3/2020 12:43,C,15.084
8/3/2020 16:43,C,15.585
8/3/2020 20:43,C,15.585
8/4/2020 0:43,C,15.084
8/4/2020 4:43,C,14.583
8/4/2020 8:43,C,14.082
8/4/2020 12:43,C,14.583
8/4/2020 16:43,C,15.585
8/4/2020 20:43,C,15.585
8/5/2020 0:43,C,15.084
8/5/2020 4:43,C,14.583
8/5/2020 8:43,C,14.082
8/5/2020 12:43,C,14.583
8/5/2020 16:43,C,15.585
8/5/2020 20:43,C,16.086
8/6/2020 0:43,C,15.585
8/6/2020 4:43,C,15.084
8/6/2020 8:43,C,14.583
8/6/2020 12:43,C,15.084
8/6/2020 16:43,C,16.086
8/6/2020 20:43,C,16.086
8/7/2020 0:43,C,16.086
8/7/2020 4:43,C,16.086
8/7/2020 8:43,C,15.585
8/7/2020 12:43,C,16.086
8/7/2020 16:43,C,16.587
8/7/2020 20:43,C,17.589
8/8/2020 0:43,C,17.088
8/8/2020 4:43,C,17.088
8/8/2020 8:43,C,17.088
8/8/2020 12:43,C,17.088
8/8/2020 16:43,C,17.589
8/8/2020 20:43,C,17.589
8/9/2020 0:43,C,17.589
8/9/2020 4:43,C,17.088
8/9/2020 8:43,C,17.088
8/9/2020 12:43,C,17.088
8/9/2020 16:43,C,17.589
8/9/2020 20:43,C,17.589
8/10/2020 0:43,C,17.088
8/10/2020 4:43,C,16.587
8/10/2020 8:43,C,16.086
8/10/2020 12:43,C,16.086
8/10/2020 16:43,C,16.587
8/10/2020 20:43,C,16.587
8/11/2020 0:43,C,16.086
8/11/2020 4:43,C,15.585
8/11/2020 8:43,C,15.084
8/11/2020 12:43,C,15.585
8/11/2020 16:43,C,16.587
8/11/2020 20:43,C,16.587
8/12/2020 0:43,C,16.587
8/12/2020 4:43,C,16.086
8/12/2020 8:43,C,15.585
8/12/2020 12:43,C,16.086
8/12/2020 16:43,C,16.587
8/12/2020 20:43,C,16.587
8/13/2020 0:43,C,16.587
8/13/2020 4:43,C,16.086
8/13/2020 8:43,C,16.086
8/13/2020 12:43,C,16.086
8/13/2020 16:43,C,17.088
8/13/2020 20:43,C,17.589
8/14/2020 0:43,C,17.589
8/14/2020 4:43,C,17.088
8/14/2020 8:43,C,17.088
8/14/2020 12:43,C,16.587
8/14/2020 16:43,C,16.587
8/14/2020 20:43,C,16.587
8/15/2020 0:43,C,16.086
8/15/2020 4:43,C,15.585
8/15/2020 8:43,C,15.084
8/15/2020 12:43,C,15.585
8/15/2020 16:43,C,16.086
8/15/2020 20:43,C,16.587
8/16/2020 0:43,C,16.086
8/16/2020 4:43,C,16.086
8/16/2020 8:43,C,15.585
8/16/2020 12:43,C,15.585
8/16/2020 16:43,C,16.587
8/16/2020 20:43,C,16.587
8/17/2020 0:43,C,16.086
8/17/2020 4:43,C,15.585
8/17/2020 8:43,C,15.084
8/17/2020 12:43,C,15.585
8/17/2020 16:43,C,16.086
8/17/2020 20:43,C,16.086
8/18/2020 0:43,C,15.585
8/18/2020 4:43,C,15.084
8/18/2020 8:43,C,14.583
8/18/2020 12:43,C,15.084
8/18/2020 16:43,C,16.086
8/18/2020 20:43,C,16.587
8/19/2020 0:43,C,16.086
8/19/2020 4:43,C,16.086
8/19/2020 8:43,C,15.585
8/19/2020 12:43,C,15.585
8/19/2020 16:43,C,16.587
8/19/2020 20:43,C,17.088
8/20/2020 0:43,C,16.587
8/20/2020 4:43,C,16.587
8/20/2020 8:43,C,16.587
8/20/2020 12:43,C,16.587
8/20/2020 16:43,C,17.589
8/20/2020 20:43,C,17.589
8/21/2020 0:43,C,17.589
8/21/2020 4:43,C,17.088
8/21/2020 8:43,C,17.088
8/21/2020 12:43,C,17.088
8/21/2020 16:43,C,17.589
8/21/2020 20:43,C,18.09
8/22/2020 0:43,C,18.09
8/22/2020 4:43,C,17.589
8/22/2020 8:43,C,17.589
8/22/2020 12:43,C,18.09
8/22/2020 16:43,C,18.591
8/22/2020 20:43,C,18.591
8/23/2020 0:43,C,18.09
8/23/2020 4:43,C,17.589
8/23/2020 8:43,C,17.088
8/23/2020 12:43,C,17.589
8/23/2020 16:43,C,18.09
8/23/2020 20:43,C,18.591
8/24/2020 0:43,C,18.09
8/24/2020 4:43,C,18.09
8/24/2020 8:43,C,17.589
8/24/2020 12:43,C,17.589
8/24/2020 16:43,C,18.09
8/24/2020 20:43,C,18.09
8/25/2020 0:43,C,17.589
8/25/2020 4:43,C,17.088
8/25/2020 8:43,C,16.587
8/25/2020 12:43,C,17.088
8/25/2020 16:43,C,17.589
8/25/2020 20:43,C,17.589
8/26/2020 0:43,C,17.589
8/26/2020 4:43,C,17.589
8/26/2020 8:43,C,17.589
8/26/2020 12:43,C,18.09
8/26/2020 16:43,C,18.591
8/26/2020 20:43,C,18.591
8/27/2020 0:43,C,18.09
8/27/2020 4:43,C,17.589
8/27/2020 8:43,C,17.088
8/27/2020 12:43,C,17.589
8/27/2020 16:43,C,18.09
8/27/2020 20:43,C,18.09
8/28/2020 0:43,C,17.589
8/28/2020 4:43,C,17.589
8/28/2020 8:43,C,17.088
8/28/2020 12:43,C,17.088
8/28/2020 16:43,C,17.589
8/28/2020 20:43,C,17.088
8/29/2020 0:43,C,16.587
8/29/2020 4:43,C,16.086
8/29/2020 8:43,C,15.585
8/29/2020 12:43,C,15.585
8/29/2020 16:43,C,16.086
8/29/2020 20:43,C,16.587
8/30/2020 0:43,C,16.086
8/30/2020 4:43,C,15.585
8/30/2020 8:43,C,15.084
8/30/2020 12:43,C,15.585
8/30/2020 16:43,C,16.086
8/30/2020 20:43,C,16.086
8/31/2020 0:43,C,16.086
8/31/2020 4:43,C,15.585
8/31/2020 8:43,C,15.084
8/31/2020 12:43,C,15.084
8/31/2020 16:43,C,15.585
8/31/2020 20:43,C,15.585
9/1/2020 0:43,C,15.084
9/1/2020 4:43,C,14.082
9/1/2020 8:43,C,13.581
9/1/2020 12:43,C,14.082
9/1/2020 16:43,C,14.082
9/1/2020 20:43,C,14.583
9/2/2020 0:43,C,14.583
9/2/2020 4:43,C,14.082
9/2/2020 8:43,C,14.082
9/2/2020 12:43,C,14.082
9/2/2020 16:43,C,15.084
9/2/2020 20:43,C,15.084
9/3/2020 0:43,C,15.084
9/3/2020 4:43,C,14.583
9/3/2020 8:43,C,14.082
9/3/2020 12:43,C,14.082
9/3/2020 16:43,C,14.082
9/3/2020 20:43,C,19.592
